Match,Pari,Cote,Value,Date,Result,Ligue,Bookmaker,CoupEnvoi
Crystal Palace vs Fulham,Home,2.15,1.29,2025-12-31 21:23:13.135250,Loss,,,
Liverpool vs Leeds,Home,1.53,1.16,2025-12-31 21:23:13.395823,Loss,,,
Brentford vs Tottenham,Away,3.2,1.51,2025-12-31 21:23:13.654711,Loss,,,
Aston Villa vs Nottingham Forest,Away,4.2,1.53,2025-12-31 21:23:13.923384,Loss,,,
Brighton vs Burnley,Away,6.25,2.0,2025-12-31 21:23:14.182066,Loss,,,
Bournemouth vs Arsenal,Draw,4.3,1.41,2025-12-31 21:23:14.685759,Loss,,,
Bournemouth vs Arsenal,Home,6.25,1.17,2025-12-31 21:23:14.687097,Loss,,,
Everton vs Brentford,Draw,3.15,1.14,2025-12-31 21:23:15.187952,Loss,,,
Everton vs Brentford,Away,3.1,1.24,2025-12-31 21:23:15.189608,Win,,,
Rayo Vallecano vs Getafe,Away,4.0,1.3,2025-12-31 21:23:15.671380,Loss,,,
Celta Vigo vs Valencia,Draw,3.35,1.15,2025-12-31 21:23:15.925259,Loss,,,
Osasuna vs Athletic Club,Home,3.05,1.43,2025-12-31 21:23:16.175789,Loss,,,
Elche vs Villarreal,Home,3.25,1.54,2025-12-31 21:23:16.428391,Loss,,,
Espanyol vs Barcelona,Draw,4.65,1.13,2025-12-31 21:23:16.677769,Loss,,,
Espanyol vs Barcelona,Home,5.5,1.14,2025-12-31 21:23:16.679023,Loss,,,
Mallorca vs Girona,Away,3.15,1.88,2025-12-31 21:23:17.203582,Win,,,
Real Sociedad vs Atletico Madrid,Home,3.55,1.23,2025-12-31 21:23:17.456716,Loss,,,
Juventus vs Lecce,Draw,5.4,1.25,2025-12-31 21:23:18.122771,Win,,,
Juventus vs Lecce,Away,11.0,2.9,2025-12-31 21:23:18.124074,Loss,,,
Atalanta vs AS Roma,Home,2.18,1.14,2025-12-31 21:23:18.376139,Win,,,
Lazio vs Napoli,Home,3.25,1.36,2025-12-31 21:23:18.627721,Loss,,,
Fiorentina vs Cremonese,Home,1.73,1.37,2025-12-31 21:23:18.878401,Win,,,
Verona vs Torino,Home,2.64,1.34,2025-12-31 21:23:19.130560,Loss,,,
Eintracht Frankfurt vs Borussia Dortmund,Away,2.0,1.1,2025-12-31 21:23:19.753185,Loss,,,
SC Freiburg vs Hamburger SV,Away,4.2,1.23,2025-12-31 21:23:19.998452,Loss,BL1,,
1. FC Heidenheim vs 1. FC Köln,Home,2.9,1.22,2025-12-31 21:23:20.168218,Loss,BL1,,
Union Berlin vs FSV Mainz 05,Draw,3.1,1.1,2025-12-31 21:23:20.333452,Win,BL1,,
Union Berlin vs FSV Mainz 05,Away,3.2,1.17,2025-12-31 21:23:20.334647,Loss,BL1,,
Werder Bremen vs 1899 Hoffenheim,Draw,3.5,1.28,2025-12-31 21:23:20.504023,Loss,,,
Bayer Leverkusen vs VfB Stuttgart,Away,3.2,1.23,2025-12-31 21:23:20.670188,Win,BL1,,
Bayern München vs VfL Wolfsburg,Draw,7.5,1.49,2025-12-31 21:23:21.006399,Loss,,,
Bayern München vs VfL Wolfsburg,Away,12.0,2.85,2025-12-31 21:23:21.007688,Loss,,,
Nice vs Strasbourg,Home,2.74,1.41,2025-12-31 21:23:22.125591,Loss,,,
Lille vs Rennes,Away,3.8,1.14,2025-12-31 21:23:22.374250,Win,,,
Marseille vs Nantes,Draw,6.0,1.37,2025-12-31 21:23:22.621134,Loss,,,
Marseille vs Nantes,Away,10.25,1.54,2025-12-31 21:23:22.622185,Win,,,
Stade Brestois 29 vs Auxerre,Home,1.92,1.15,2025-12-31 21:23:22.870535,Win,,,
Real Madrid vs Real Betis,Home,1.45,1.17,2026-01-01 08:34,Win,,,
Fulham vs Liverpool,Draw,3.65,1.12,2026-01-02 08:34,Win,,,
Newcastle vs Crystal Palace,Away,5.0,1.23,2026-01-02 08:34,Loss,,,
Leeds vs Manchester United,Away,2.72,1.14,2026-01-03 08:32,Loss,,,
VfB Stuttgart vs Eintracht Frankfurt,Home,1.81,1.45,2026-01-03 08:32,Win,,,
West Ham vs Nottingham Forest,Draw,3.4,1.2,2026-01-04 08:33,Loss,,,
Bournemouth vs Tottenham,Draw,3.55,1.14,2026-01-04 08:33,Loss,,,
Bournemouth vs Tottenham,Away,3.4,1.76,2026-01-04 08:33,Loss,,,
Crystal Palace vs Aston Villa,Home,2.74,1.73,2026-01-04 08:33,Loss,,,
Villarreal vs Alaves,Draw,3.85,1.21,2026-01-04 08:33,Loss,PD,,
Villarreal vs Alaves,Away,5.8,1.45,2026-01-04 08:33,Loss,PD,,
Girona vs Osasuna,Home,2.52,1.84,2026-01-04 08:33,Win,PD,,
Valencia vs Elche,Away,3.5,1.63,2026-01-04 08:33,Loss,PD,,
Lecce vs AS Roma,Home,5.1,1.58,2026-01-04 08:33,Loss,,,
Sassuolo vs Juventus,Home,4.65,1.24,2026-01-04 08:33,Loss,,,
Napoli vs Verona,Away,8.1,1.82,2026-01-04 08:33,Loss,,,
Lazio vs Fiorentina,Away,3.5,1.63,2026-01-04 08:33,Loss,,,
Lens vs Auxerre,Away,6.5,1.37,2026-01-04 08:33,Loss,,,
Toulouse vs Nice,Away,3.9,1.46,2026-01-04 08:33,Loss,,,
Angers vs Marseille,Draw,3.75,1.11,2026-01-04 08:33,Loss,,,
Angers vs Marseille,Home,5.0,1.14,2026-01-04 08:33,Loss,,,
Everton vs Wolves,Away,4.4,1.15,2026-01-05 08:39,Loss,,,
Fulham vs Chelsea,Away,2.1,1.44,2026-01-05 08:39,Loss,,,
Burnley vs Manchester United,Home,4.4,1.85,2026-01-05 08:39,Loss,,,
Newcastle vs Leeds,Home,1.69,1.28,2026-01-05 08:39,Win,,,
Arsenal vs Liverpool,Away,4.9,1.96,2026-01-05 08:39,Loss,,,
Rayo Vallecano vs Mallorca,Away,4.6,1.89,2026-01-05 08:39,Loss,,,
Sevilla vs Celta Vigo,Away,2.78,1.3,2026-01-05 08:39,Win,,,
Espanyol vs Girona,Away,4.3,1.89,2026-01-05 08:39,Win,,,
Strasbourg vs Metz,Draw,4.0,1.35,2026-01-05 08:39,Loss,,,
Strasbourg vs Metz,Away,5.8,1.68,2026-01-05 08:39,Loss,,,
Rennes vs Le Havre,Home,1.65,1.22,2026-01-05 08:39,Loss,,,
Lyon vs Stade Brestois 29,Away,5.4,2.31,2026-01-05 08:39,Loss,,,
Auxerre vs Paris Saint Germain,Draw,5.0,1.66,2026-01-05 08:39,Loss,,,
Auxerre vs Paris Saint Germain,Home,8.5,1.34,2026-01-05 08:39,Loss,,,
Manchester City vs Brighton,Home,1.42,1.13,2026-01-07 08:36,Loss,,,
Borussia Mönchengladbach vs FC Augsburg,Away,3.95,1.1,2026-01-07 08:36,Loss,,,
Manchester United vs Manchester City,Away,1.86,1.15,2026-01-08 08:36,Loss,,,
Chelsea vs Brentford,Home,1.63,1.15,2026-01-08 08:36,Win,,,
Leeds vs Fulham,Draw,3.15,1.15,2026-01-08 08:36,Loss,,,
Leeds vs Fulham,Away,3.3,1.11,2026-01-08 08:36,Loss,,,
Liverpool vs Burnley,Away,13.0,1.35,2026-01-08 08:36,Loss,,,
Tottenham vs West Ham,Home,1.69,1.24,2026-01-08 08:36,Loss,,,
Nottingham Forest vs Arsenal,Draw,4.1,1.46,2026-01-08 08:36,Win,,,
Nottingham Forest vs Arsenal,Home,5.5,1.13,2026-01-08 08:36,Loss,,,
Wolves vs Newcastle,Draw,3.8,1.33,2026-01-08 08:36,Win,,,
Aston Villa vs Everton,Away,5.6,2.01,2026-01-08 08:36,Win,,,
Atalanta vs Torino,Home,1.63,1.15,2026-01-08 08:36,Win,SA,,
Fiorentina vs AC Milan,Home,3.65,2.03,2026-01-08 08:36,Loss,,,
Inter vs Napoli,Home,1.74,1.14,2026-01-08 08:36,Loss,,,
Getafe vs Real Sociedad,Home,3.6,1.16,2026-01-09 08:36,Loss,,,
Genoa vs Cagliari,Home,2.05,1.11,2026-01-09 08:36,Win,,,
Juventus vs Cremonese,Draw,5.2,1.4,2026-01-09 08:36,Loss,,,
Juventus vs Cremonese,Away,13.0,2.13,2026-01-09 08:36,Loss,,,
Paris Saint Germain vs Lille,Draw,4.75,1.1,2026-01-09 08:36,Loss,,,
Mallorca vs Athletic Club,Home,3.6,1.3,2026-01-10 08:31,Win,,,
Borussia Dortmund vs Werder Bremen,Draw,5.1,1.24,2026-01-10 08:31,Loss,,,
Borussia Dortmund vs Werder Bremen,Away,8.6,1.58,2026-01-10 08:31,Loss,,,
Atletico Madrid vs Alaves,Draw,4.55,1.34,2026-01-12 08:38,Loss,,,
Atletico Madrid vs Alaves,Away,10.25,2.2,2026-01-12 08:38,Loss,,,
Celta Vigo vs Rayo Vallecano,Draw,3.1,1.17,2026-01-12 08:38,Loss,,,
Inter vs Lecce,Draw,7.4,1.28,2026-01-12 08:38,Loss,,,
Inter vs Lecce,Away,19.5,1.97,2026-01-12 08:38,Loss,,,
Udinese vs Inter,Draw,4.45,1.38,2026-01-12 08:38,Loss,,,
Udinese vs Inter,Home,6.75,1.18,2026-01-12 08:38,Loss,,,
Napoli vs Sassuolo,Away,7.9,1.4,2026-01-12 08:38,Loss,,,
Cagliari vs Juventus,Draw,3.8,1.15,2026-01-12 08:38,Loss,,,
Cagliari vs Juventus,Home,6.6,1.73,2026-01-12 08:38,Win,,,
FSV Mainz 05 vs 1. FC Heidenheim,Away,5.7,1.32,2026-01-12 08:38,Loss,,,
1. FC Köln vs Bayern München,Draw,6.2,1.82,2026-01-12 08:38,Loss,,,
1. FC Köln vs Bayern München,Home,9.7,3.86,2026-01-12 08:38,Loss,,,
1899 Hoffenheim vs Borussia Mönchengladbach,Home,1.81,1.21,2026-01-12 08:38,Win,,,
Werder Bremen vs Eintracht Frankfurt,Home,2.54,1.38,2026-01-12 08:38,Loss,,,
Elche vs Sevilla,Home,2.22,1.24,2026-01-13 08:36,Loss,,,
Bologna vs Fiorentina,Away,3.5,1.61,2026-01-13 08:36,Win,,,
AC Milan vs Lecce,Away,11.0,1.24,2026-01-15 08:36,Loss,,,
VfL Wolfsburg vs 1. FC Heidenheim,Draw,3.95,1.18,2026-01-15 08:36,Win,,,
VfL Wolfsburg vs 1. FC Heidenheim,Away,4.45,1.18,2026-01-15 08:36,Loss,,,
RB Leipzig vs Bayern München,Draw,4.6,1.34,2026-01-15 08:36,Loss,,,
RB Leipzig vs Bayern München,Home,4.8,1.47,2026-01-15 08:36,Loss,,,
VfB Stuttgart vs Union Berlin,Home,1.62,1.2,2026-01-15 08:36,Loss,,,
FC Augsburg vs SC Freiburg,Draw,3.25,1.21,2026-01-15 08:36,Win,,,
1. FC Köln vs FSV Mainz 05,Away,3.3,1.13,2026-01-16 08:36,Loss,,,
Real Betis vs Villarreal,Home,2.6,1.11,2026-01-17 08:31,Win,,,
Torino vs AS Roma,Home,3.7,1.1,2026-01-17 08:31,Loss,,,
Bayer Leverkusen vs Werder Bremen,Away,5.3,1.31,2026-01-17 08:31,Loss,,,
Rennes vs Lorient,Home,1.77,1.27,2026-01-17 08:31,Loss,,,
Le Havre vs Monaco,Draw,3.7,1.24,2026-01-17 08:31,Win,,,
Burnley vs Tottenham,Home,3.85,1.32,2026-01-18 08:32,Loss,,,
Fulham vs Brighton,Draw,3.3,1.17,2026-01-18 08:32,Loss,,,
Manchester City vs Wolves,Away,14.5,1.22,2026-01-18 08:32,Loss,,,
Bournemouth vs Liverpool,Draw,3.8,1.14,2026-01-18 08:32,Loss,,,
Brentford vs Nottingham Forest,Home,2.1,1.16,2026-01-18 08:32,Loss,,,
Rayo Vallecano vs Osasuna,Away,3.9,1.23,2026-01-18 08:32,Win,,,
Valencia vs Espanyol,Away,3.35,1.39,2026-01-18 08:32,Loss,,,
Villarreal vs Real Madrid,Away,1.97,1.28,2026-01-18 08:32,Win,,,
Fiorentina vs Cagliari,Home,1.68,1.31,2026-01-18 08:32,Loss,,,
Lecce vs Lazio,Home,4.55,1.23,2026-01-18 08:32,Loss,,,
Bayern München vs FC Augsburg,Draw,9.0,1.71,2026-01-18 08:32,Loss,,,
Bayern München vs FC Augsburg,Away,20.0,3.36,2026-01-18 08:32,Win,,,
Eintracht Frankfurt vs 1899 Hoffenheim,Draw,3.65,1.28,2026-01-18 08:32,Loss,,,
Eintracht Frankfurt vs 1899 Hoffenheim,Away,2.6,1.11,2026-01-18 08:32,Win,,,
1. FC Heidenheim vs RB Leipzig,Home,4.9,2.24,2026-01-18 08:32,Loss,,,
FSV Mainz 05 vs VfL Wolfsburg,Home,2.3,1.13,2026-01-18 08:32,Win,,,
Union Berlin vs Borussia Dortmund,Away,1.9,1.22,2026-01-18 08:32,Win,,,
Borussia Mönchengladbach vs VfB Stuttgart,Away,2.22,1.51,2026-01-18 08:32,Win,,,
Nantes vs Nice,Draw,3.4,1.11,2026-01-18 08:32,Loss,,,
Stade Brestois 29 vs Toulouse,Home,2.64,1.59,2026-01-18 08:32,Loss,,,
Newcastle vs Aston Villa,Home,1.94,1.41,2026-01-19 08:39,Loss,,,
Arsenal vs Manchester United,Away,5.5,1.31,2026-01-19 08:39,Win,,,
Atletico Madrid vs Mallorca,Draw,5.2,1.24,2026-01-19 08:39,Loss,,,
Atletico Madrid vs Mallorca,Away,11.0,3.31,2026-01-19 08:39,Loss,,,
Real Sociedad vs Celta Vigo,Away,3.65,1.57,2026-01-19 08:39,Loss,,,
Sassuolo vs Cremonese,Away,4.1,1.32,2026-01-19 08:39,Loss,,,
Genoa vs Bologna,Home,2.96,1.22,2026-01-19 08:39,Win,,,
Juventus vs Napoli,Away,3.55,1.22,2026-01-19 08:39,Loss,,,
SC Freiburg vs 1. FC Köln,Away,3.9,1.76,2026-01-19 08:39,Loss,,,
Metz vs Lyon,Draw,3.75,1.22,2026-01-19 08:39,Loss,,,
Metz vs Lyon,Home,4.65,1.37,2026-01-19 08:39,Loss,,,
Lens vs Le Havre,Away,7.5,1.65,2026-01-19 08:39,Loss,,,
Everton vs Leeds,Draw,3.15,1.14,2026-01-20 08:38,Win,,,
Everton vs Leeds,Home,2.34,1.2,2026-01-20 08:38,Loss,,,
Girona vs Getafe,Home,2.04,1.45,2026-01-20 08:38,Loss,,,
AS Roma vs AC Milan,Away,2.8,1.14,2026-01-20 08:38,Loss,,,
Lille vs Strasbourg,Home,1.9,1.11,2026-01-20 08:38,Loss,,,
Espanyol vs Alaves,Away,4.1,1.18,2026-01-24 08:32,Win,,,
Lazio vs Genoa,Home,1.9,1.13,2026-01-24 08:32,Win,,,
Brighton vs Everton,Away,4.1,1.51,2026-01-25 08:33,Loss,PL,,
Leeds vs Arsenal,Draw,3.85,1.27,2026-01-25 08:33,Loss,PL,,
Leeds vs Arsenal,Home,6.6,1.23,2026-01-25 08:33,Loss,PL,,
Chelsea vs West Ham,Home,1.49,1.22,2026-01-25 08:33,Win,PL,,
Liverpool vs Newcastle,Draw,3.8,1.43,2026-01-25 08:33,Loss,PL,,
Osasuna vs Villarreal,Home,3.0,1.32,2026-01-25 08:33,Loss,PD,,
Elche vs Barcelona,Draw,5.0,1.6,2026-01-25 08:33,Loss,PD,,
Elche vs Barcelona,Home,7.6,2.23,2026-01-25 08:33,Loss,PD,,
Napoli vs Fiorentina,Away,5.2,2.31,2026-01-25 08:33,Loss,SA,,
Cagliari vs Verona,Away,3.2,1.27,2026-01-25 08:33,Loss,SA,,
1. FC Köln vs VfL Wolfsburg,Home,2.24,1.25,2026-01-25 08:33,Win,,,
Eintracht Frankfurt vs Bayer Leverkusen,Away,2.3,1.14,2026-01-25 08:33,Win,BL1,,
1899 Hoffenheim vs Union Berlin,Home,1.81,1.18,2026-01-25 08:33,Win,BL1,,
RB Leipzig vs FSV Mainz 05,Away,5.6,1.46,2026-01-25 08:33,Win,BL1,,
Werder Bremen vs Borussia Mönchengladbach,Home,2.3,1.31,2026-01-25 08:33,Loss,BL1,,
Monaco vs Rennes,Draw,3.75,1.26,2026-01-25 08:33,Loss,FL1,,
Lyon vs Lille,Away,3.25,1.27,2026-01-25 08:33,Loss,,,
Aston Villa vs Brentford,Draw,3.55,1.19,2026-01-26 08:39,Loss,,,
Aston Villa vs Brentford,Away,3.8,1.72,2026-01-26 08:39,Win,,,
Manchester United vs Fulham,Away,5.25,1.53,2026-01-26 08:39,Loss,,,
Nottingham Forest vs Crystal Palace,Draw,3.35,1.19,2026-01-26 08:39,Win,,,
Nottingham Forest vs Crystal Palace,Away,4.0,1.63,2026-01-26 08:39,Loss,,,
Getafe vs Celta Vigo,Away,2.64,1.27,2026-01-26 08:39,Loss,,,
Torino vs Lecce,Away,4.45,1.24,2026-01-26 08:39,Loss,,,
Cremonese vs Inter,Home,9.8,1.21,2026-01-26 08:39,Loss,,,
Udinese vs AS Roma,Draw,3.3,1.46,2026-01-26 08:39,Loss,,,
VfB Stuttgart vs SC Freiburg,Home,1.7,1.38,2026-01-26 08:39,Win,,,
Nice vs Stade Brestois 29,Away,3.25,1.3,2026-01-26 08:39,Loss,,,
Toulouse vs Auxerre,Draw,3.45,1.1,2026-01-26 08:39,Win,,,
Strasbourg vs Paris Saint Germain,Draw,4.1,1.39,2026-01-26 08:39,Loss,,,
Metz vs Lille,Draw,4.0,1.16,2026-01-26 08:39,Win,FL1,,
Mallorca vs Sevilla,Home,2.54,1.11,2026-01-27 08:38,Win,,,
Bologna vs AC Milan,Home,3.5,1.39,2026-01-27 08:38,Loss,,,
Borussia Dortmund vs 1. FC Heidenheim,Draw,5.9,1.21,2026-01-28 08:38,Loss,,,
Borussia Dortmund vs 1. FC Heidenheim,Away,11.5,1.49,2026-01-28 08:38,Loss,,,
Union Berlin vs Eintracht Frankfurt,Away,3.3,1.39,2026-01-28 08:38,Loss,BL1,,
SC Freiburg vs Werder Bremen,Away,4.6,2.17,2026-01-31 08:36,Loss,BL1,,
Lens vs Rennes,Away,4.1,1.89,2026-01-31 08:36,Loss,FL1,,
Leeds vs Nottingham Forest,Away,3.25,1.22,2026-02-02 08:51,Loss,PL,,
Manchester United vs Tottenham,Away,5.0,2.7,2026-02-02 08:51,Loss,PL,,
Bournemouth vs Aston Villa,Home,2.68,1.23,2026-02-02 08:51,Loss,PL,,
Burnley vs West Ham,Home,3.3,2.07,2026-02-02 08:51,Loss,PL,,
Fulham vs Everton,Away,3.85,1.46,2026-02-02 08:51,Win,PL,,
Wolves vs Chelsea,Away,1.7,1.14,2026-02-02 08:51,Win,PL,,
Newcastle vs Brentford,Home,1.9,1.19,2026-02-02 08:51,Loss,PL,,
Brighton vs Crystal Palace,Away,3.85,1.83,2026-02-02 08:51,Win,PL,,
Barcelona vs Mallorca,Draw,7.4,1.11,2026-02-02 08:51,Loss,PD,,
Barcelona vs Mallorca,Away,13.5,1.89,2026-02-02 08:51,Loss,PD,,
Sevilla vs Girona,Away,4.0,2.43,2026-02-02 08:51,Loss,PD,,
Real Sociedad vs Elche,Away,4.75,2.01,2026-02-02 08:51,Loss,PD,,
Alaves vs Getafe,Draw,2.75,1.32,2026-02-02 08:51,Loss,PD,,
Atletico Madrid vs Real Betis,Away,5.7,2.01,2026-02-02 08:51,Win,PD,,
Genoa vs Napoli,Home,4.5,1.78,2026-02-02 08:51,Loss,SA,,
Fiorentina vs Torino,Home,1.81,1.47,2026-02-02 08:51,Loss,SA,,
Lecce vs Udinese,Home,2.92,1.17,2026-02-02 08:51,Win,SA,,
Juventus vs Lazio,Away,7.3,3.01,2026-02-02 08:51,Loss,SA,,
Atalanta vs Cremonese,Draw,4.65,1.24,2026-02-02 08:51,Loss,SA,,
1. FC Heidenheim vs Hamburger SV,Home,2.74,1.47,2026-02-02 08:51,Loss,BL1,,
Borussia Mönchengladbach vs Bayer Leverkusen,Draw,3.7,1.23,2026-02-02 08:51,Win,BL1,,
1. FC Köln vs RB Leipzig,Home,3.1,1.2,2026-02-02 08:51,Loss,BL1,,
Bayern München vs 1899 Hoffenheim,Draw,5.8,2.19,2026-02-02 08:51,Loss,BL1,,
Bayern München vs 1899 Hoffenheim,Away,9.7,3.51,2026-02-02 08:51,Loss,BL1,,
Stade Brestois 29 vs Lorient,Home,2.22,1.27,2026-02-02 08:51,Win,FL1,,
Nantes vs Lyon,Draw,3.8,1.2,2026-02-02 08:51,Loss,FL1,,
Nantes vs Lyon,Home,4.9,1.44,2026-02-02 08:51,Loss,FL1,,
Angers vs Toulouse,Home,3.35,1.53,2026-02-02 08:51,Win,FL1,,
Le Havre vs Strasbourg,Draw,3.4,1.18,2026-02-02 08:51,Loss,FL1,,
Le Havre vs Strasbourg,Home,3.7,1.42,2026-02-02 08:51,Win,FL1,,
Paris Saint Germain vs Marseille,Draw,5.0,1.17,2026-02-02 08:51,Loss,FL1,,
Paris Saint Germain vs Marseille,Away,6.25,1.21,2026-02-02 08:51,Loss,FL1,,
Liverpool vs Manchester City,Draw,3.6,1.35,2026-02-03 08:43,Loss,PL,,
Villarreal vs Espanyol,Away,4.5,2.13,2026-02-03 08:43,Loss,PD,,
AS Roma vs Cagliari,Away,8.6,1.68,2026-02-03 08:43,Loss,SA,,
FSV Mainz 05 vs FC Augsburg,Home,2.06,1.15,2026-02-04 08:50,Win,BL1,,
Rennes vs Paris Saint Germain,Draw,4.55,1.29,2026-02-06 08:51,Loss,FL1,,
Rennes vs Paris Saint Germain,Home,5.8,2.4,2026-02-06 08:51,Win,FL1,,
Fiorentina vs Sassuolo,Away,5.09,4.699,2026-10-02 14:28,,SA,pinnacle,2026-10-03T13:00:00Z
Roma vs Lazio,Draw,4.3,1.215,2026-10-02 14:28,,SA,pinnacle,2026-10-03T16:00:00Z
Arsenal vs Leeds United,Draw,4.6,2.823,2026-10-03 13:02,,PL,pmu,2026-10-10T11:30:00Z
Málaga vs Espanyol,Away,2.55,1.322,2026-10-03 13:02,,PD,pmu,2026-10-09T19:00:00Z
Rayo Vallecano vs Athletic Bilbao,Away,2.28,1.485,2026-10-03 13:02,,PD,pmu,2026-10-10T12:00:00Z
Napoli vs Como,Away,2.62,1.218,2026-10-03 13:02,,SA,pinnacle,2026-10-04T10:30:00Z
AC Milan vs Juventus,Home,4.63,3.326,2026-10-03 13:02,,SA,pinnacle,2026-10-04T13:00:00Z
Genoa vs Fiorentina,Away,2.35,1.541,2026-10-03 13:02,,SA,pmu,2026-10-10T13:00:00Z
Lens vs Lyon,Away,2.8,1.986,2026-10-03 13:02,,FL1,pmu,2026-10-09T18:45:00Z
Aston Villa vs Brentford,Away,2.48,1.91,2026-10-04 13:42,,PL,pmu,2026-10-10T14:00:00Z
Chelsea vs Bournemouth,Away,3.95,1.824,2026-10-04 13:42,,PL,pmu,2026-10-10T14:00:00Z
Ipswich Town vs Fulham,Home,2.5,1.217,2026-10-04 13:42,,PL,pmu,2026-10-10T14:00:00Z
Sunderland vs Brighton,Away,2.28,2.236,2026-10-04 13:42,,PL,pmu,2026-10-10T14:00:00Z
Manchester United vs Tottenham Hotspur,Home,1.719,1.319,2026-10-04 13:42,,PL,pinnacle,2026-10-10T16:30:00Z
Crystal Palace vs Nottingham Forest,Away,2.5,1.767,2026-10-04 13:42,,PL,pmu,2026-10-11T13:00:00Z
Hull City vs Everton,Draw,3.05,1.24,2026-10-04 13:42,,PL,pmu,2026-10-11T13:00:00Z
Alaves vs Atlético Madrid,Home,3.85,1.18,2026-10-04 13:42,,PD,pmu,2026-10-10T14:15:00Z
FC Barcelona vs Getafe,Draw,13.0,1.868,2026-10-04 13:42,,PD,pmu,2026-10-10T16:30:00Z
Real Madrid vs Villarreal,Home,1.25,1.117,2026-10-04 13:42,,PD,pmu,2026-10-10T19:00:00Z
Elche vs Celta Vigo,Draw,3.0,1.721,2026-10-04 13:42,,PD,pmu,2026-10-11T12:00:00Z
Como vs Internazionale,Home,5.02,2.588,2026-10-04 13:42,,SA,pinnacle,2026-10-04T16:00:00Z
Napoli vs Frosinone,Away,7.0,3.818,2026-10-04 13:42,,SA,pmu,2026-10-10T18:45:00Z
Como vs Roma,Away,2.6,1.45,2026-10-04 13:42,,SA,pmu,2026-10-11T10:30:00Z
Lazio vs Monza,Home,1.571,1.165,2026-10-04 13:42,,SA,pmu,2026-10-11T13:00:00Z
Lille vs Le Havre,Draw,4.1,1.263,2026-10-04 13:42,,FL1,pmu,2026-10-10T15:15:00Z
AS Monaco vs Toulouse,Draw,3.8,1.157,2026-10-04 13:42,,FL1,pmu,2026-10-10T18:45:00Z
Brest vs Angers,Away,3.6,2.618,2026-10-04 13:42,,FL1,pmu,2026-10-10T18:45:00Z
Lorient vs Paris FC,Away,2.25,1.463,2026-10-04 13:42,,FL1,pmu,2026-10-10T18:45:00Z
Paris Saint-Germain vs Le Mans,Away,22.69,8.795,2026-10-04 13:42,,FL1,pinnacle,2026-10-10T18:45:00Z
Nice vs Strasbourg,Away,2.88,2.622,2026-10-04 13:42,,FL1,pmu,2026-10-11T13:00:00Z
Liverpool vs Manchester City,Away,2.35,1.826,2026-10-05 16:49,,PL,pmu,2026-10-11T15:30:00Z
Real Sociedad vs Deportivo A Coruña,Away,4.5,3.206,2026-10-05 16:49,,PD,pmu,2026-10-11T14:15:00Z
Real Betis vs Osasuna,Home,1.538,1.22,2026-10-05 16:49,,PD,pmu,2026-10-11T16:30:00Z
Racing Santander vs Valencia,Home,2.1,1.167,2026-10-05 16:49,,PD,pmu,2026-10-11T19:00:00Z
Sassuolo vs AC Milan,Away,1.787,1.345,2026-10-05 16:49,,SA,pmu,2026-10-11T16:00:00Z
Cagliari vs Juventus,Home,5.8,1.397,2026-10-05 16:49,,SA,pmu,2026-10-11T18:45:00Z
Atalanta vs Venezia,Home,1.599,1.328,2026-10-05 16:49,,SA,pmu,2026-10-12T16:30:00Z
Rennes vs Auxerre,Draw,4.6,2.303,2026-10-05 16:49,,FL1,pmu,2026-10-11T15:15:00Z
Troyes vs Marseille,Draw,3.55,1.717,2026-10-05 16:49,,FL1,pmu,2026-10-11T18:45:00Z
Chelsea vs AFC Bournemouth,Away,4.5,2.078,2026-10-06 14:45,,PL,bet365,2026-10-10T14:00:00Z
Sunderland vs Brighton & Hove Albion,Away,2.35,2.305,2026-10-06 14:45,,PL,bet365,2026-10-10T14:00:00Z
Coventry City vs Newcastle United,Away,2.02,1.417,2026-10-06 14:45,,PL,pmu,2026-10-12T19:00:00Z
Malaga CF vs Espanyol,Away,2.7,1.4,2026-10-06 14:45,,PD,bet365,2026-10-09T19:00:00Z
Real Sociedad vs RC Deportivo La Coruna,Away,4.75,3.384,2026-10-06 14:45,,PD,bet365,2026-10-11T14:15:00Z
Levante UD vs Sevilla,Away,2.62,2.303,2026-10-06 14:45,,PD,bet365,2026-10-12T19:00:00Z
Inter vs Parma Calcio 1913,Draw,8.5,1.102,2026-10-06 14:45,,SA,bet365,2026-10-10T16:00:00Z
SSC Napoli vs Frosinone Calcio,Away,6.25,3.409,2026-10-06 14:45,,SA,bet365,2026-10-10T18:45:00Z
Torino vs Udinese,Away,2.95,1.684,2026-10-06 14:45,,SA,pmu,2026-10-12T18:45:00Z
